37550509738	schedule	2026-10-07T00:09:57Z	Recovery dispatcher	success
37550695926	workflow_dispatch	2026-10-07T00:12:02Z	Recovery dispatcher (external)	success
37552018278	workflow_dispatch	2026-10-07T00:27:01Z	Recovery dispatcher (external)	success
37553308600	schedule	2026-10-07T00:41:45Z	Recovery dispatcher	success
37553331827	workflow_dispatch	2026-10-07T00:42:02Z	Recovery dispatcher (external)	success
37554609347	workflow_dispatch	2026-10-07T00:57:01Z	Recovery dispatcher (external)	success
37555230730	schedule	2026-10-07T01:04:08Z	Recovery dispatcher	success
37555892513	workflow_dispatch	2026-10-07T01:12:02Z	Recovery dispatcher (external)	success
37557153411	workflow_dispatch	2026-10-07T01:27:01Z	Recovery dispatcher (external)	success
37557196776	schedule	2026-10-07T01:27:32Z	Recovery dispatcher	success
37558393152	workflow_dispatch	2026-10-07T01:42:02Z	Recovery dispatcher (external)	success
37559369401	schedule	2026-10-07T01:54:07Z	Recovery dispatcher	success
37559597047	workflow_dispatch	2026-10-07T01:57:01Z	Recovery dispatcher (external)	success
37560799972	schedule	2026-10-07T02:11:42Z	Recovery dispatcher	success
37560826640	workflow_dispatch	2026-10-07T02:12:02Z	Recovery dispatcher (external)	success
37562031514	workflow_dispatch	2026-10-07T02:27:02Z	Recovery dispatcher (external)	success
37562487499	schedule	2026-10-07T02:32:41Z	Recovery dispatcher	success
37563223003	workflow_dispatch	2026-10-07T02:42:02Z	Recovery dispatcher (external)	success
37564236131	schedule	2026-10-07T02:54:38Z	Recovery dispatcher	success
37564428382	workflow_dispatch	2026-10-07T02:57:01Z	Recovery dispatcher (external)	success
37565632359	workflow_dispatch	2026-10-07T03:12:02Z	Recovery dispatcher (external)	success
37565697565	schedule	2026-10-07T03:12:52Z	Recovery dispatcher	success
37566794968	workflow_dispatch	2026-10-07T03:27:01Z	Recovery dispatcher (external)	success
37567961014	workflow_dispatch	2026-10-07T03:42:02Z	Recovery dispatcher (external)	success
37567986191	schedule	2026-10-07T03:42:20Z	Recovery dispatcher	success
37569118156	workflow_dispatch	2026-10-07T03:57:01Z	Recovery dispatcher (external)	success
37569933994	schedule	2026-10-07T04:07:22Z	Recovery dispatcher	success
37570305031	workflow_dispatch	2026-10-07T04:12:02Z	Recovery dispatcher (external)	success
37571509481	workflow_dispatch	2026-10-07T04:27:02Z	Recovery dispatcher (external)	success
37571707379	schedule	2026-10-07T04:29:30Z	Recovery dispatcher	success
37572710814	workflow_dispatch	2026-10-07T04:42:02Z	Recovery dispatcher (external)	success
37573846514	schedule	2026-10-07T04:56:13Z	Recovery dispatcher	success
37573909367	workflow_dispatch	2026-10-07T04:57:01Z	Recovery dispatcher (external)	success
37575136626	workflow_dispatch	2026-10-07T05:12:02Z	Recovery dispatcher (external)	success
37575504522	schedule	2026-10-07T05:16:35Z	Recovery dispatcher	success
37576357892	workflow_dispatch	2026-10-07T05:27:02Z	Recovery dispatcher (external)	success
37577540341	schedule	2026-10-07T05:41:12Z	Recovery dispatcher	success
37577609832	workflow_dispatch	2026-10-07T05:42:02Z	Recovery dispatcher (external)	success
37578878080	workflow_dispatch	2026-10-07T05:57:01Z	Recovery dispatcher (external)	success
37578950980	schedule	2026-10-07T05:57:52Z	Recovery dispatcher	success
37580219740	workflow_dispatch	2026-10-07T06:12:02Z	Recovery dispatcher (external)	success
37581556625	workflow_dispatch	2026-10-07T06:27:02Z	Recovery dispatcher (external)	success
37582049120	schedule	2026-10-07T06:32:20Z	Recovery dispatcher	success
37582961274	workflow_dispatch	2026-10-07T06:42:02Z	Recovery dispatcher (external)	success
37584378209	workflow_dispatch	2026-10-07T06:57:01Z	Recovery dispatcher (external)	success
37584590233	schedule	2026-10-07T06:59:16Z	Recovery dispatcher	success
37585876819	workflow_dispatch	2026-10-07T07:12:02Z	Recovery dispatcher (external)	success
37587384594	workflow_dispatch	2026-10-07T07:27:02Z	Recovery dispatcher (external)	success
37587735510	schedule	2026-10-07T07:30:24Z	Recovery dispatcher	success
37588944877	workflow_dispatch	2026-10-07T07:42:02Z	Recovery dispatcher (external)	success
37590310379	schedule	2026-10-07T07:54:53Z	Recovery dispatcher	success
37590543506	workflow_dispatch	2026-10-07T07:57:01Z	Recovery dispatcher (external)	success
37592182863	workflow_dispatch	2026-10-07T08:12:02Z	Recovery dispatcher (external)	success
37592499171	schedule	2026-10-07T08:14:56Z	Recovery dispatcher	success
37593831162	workflow_dispatch	2026-10-07T08:27:02Z	Recovery dispatcher (external)	success
37595510051	workflow_dispatch	2026-10-07T08:42:02Z	Recovery dispatcher (external)	success
37595578511	schedule	2026-10-07T08:42:37Z	Recovery dispatcher	success
37597212877	workflow_dispatch	2026-10-07T08:57:02Z	Recovery dispatcher (external)	success
37598545599	schedule	2026-10-07T09:08:30Z	Recovery dispatcher	success
37598953447	workflow_dispatch	2026-10-07T09:12:02Z	Recovery dispatcher (external)	success
37600688028	workflow_dispatch	2026-10-07T09:27:01Z	Recovery dispatcher (external)	success
37601139492	schedule	2026-10-07T09:30:54Z	Recovery dispatcher	success
37602407209	workflow_dispatch	2026-10-07T09:42:02Z	Recovery dispatcher (external)	success
37603956309	schedule	2026-10-07T09:55:49Z	Recovery dispatcher	success
37604088724	workflow_dispatch	2026-10-07T09:57:02Z	Recovery dispatcher (external)	success
37605801511	workflow_dispatch	2026-10-07T10:12:02Z	Recovery dispatcher (external)	success
37606217614	schedule	2026-10-07T10:15:45Z	Recovery dispatcher	success
37607470241	workflow_dispatch	2026-10-07T10:27:01Z	Recovery dispatcher (external)	success
37609025274	schedule	2026-10-07T10:41:06Z	Recovery dispatcher	success
37609127340	workflow_dispatch	2026-10-07T10:42:02Z	Recovery dispatcher (external)	success
37610772465	workflow_dispatch	2026-10-07T10:57:01Z	Recovery dispatcher (external)	success
37610931274	schedule	2026-10-07T10:58:29Z	Recovery dispatcher	success
37612465699	workflow_dispatch	2026-10-07T11:12:02Z	Recovery dispatcher (external)	success
37614152025	workflow_dispatch	2026-10-07T11:27:02Z	Recovery dispatcher (external)	success
37614237277	schedule	2026-10-07T11:27:48Z	Recovery dispatcher	success
37615848955	workflow_dispatch	2026-10-07T11:42:02Z	Recovery dispatcher (external)	success
37617310758	schedule	2026-10-07T11:54:51Z	Recovery dispatcher	success
37617565539	workflow_dispatch	2026-10-07T11:57:02Z	Recovery dispatcher (external)	success
37619305540	workflow_dispatch	2026-10-07T12:12:02Z	Recovery dispatcher (external)	success
37619996165	schedule	2026-10-07T12:17:57Z	Recovery dispatcher	success
37621064968	workflow_dispatch	2026-10-07T12:27:02Z	Recovery dispatcher (external)	success
37622890708	workflow_dispatch	2026-10-07T12:42:02Z	Recovery dispatcher (external)	success
37623739789	schedule	2026-10-07T12:48:58Z	Recovery dispatcher	success
37624730046	workflow_dispatch	2026-10-07T12:57:02Z	Recovery dispatcher (external)	success
37626604972	schedule	2026-10-07T13:11:49Z	Recovery dispatcher	success
37626632245	workflow_dispatch	2026-10-07T13:12:02Z	Recovery dispatcher (external)	success
37628569230	workflow_dispatch	2026-10-07T13:27:02Z	Recovery dispatcher (external)	success
37629708695	schedule	2026-10-07T13:35:29Z	Recovery dispatcher	success
37630589506	workflow_dispatch	2026-10-07T13:42:02Z	Recovery dispatcher (external)	success
37632506787	schedule	2026-10-07T13:56:10Z	Recovery dispatcher	success
37632625348	workflow_dispatch	2026-10-07T13:57:02Z	Recovery dispatcher (external)	success
37634706058	workflow_dispatch	2026-10-07T14:12:02Z	Recovery dispatcher (external)	success
37635426854	schedule	2026-10-07T14:17:15Z	Recovery dispatcher	success
37636781175	workflow_dispatch	2026-10-07T14:27:02Z	Recovery dispatcher (external)	success
37638859613	schedule	2026-10-07T14:41:44Z	Recovery dispatcher	success
37638900722	workflow_dispatch	2026-10-07T14:42:02Z	Recovery dispatcher (external)	success
37640980894	workflow_dispatch	2026-10-07T14:57:02Z	Recovery dispatcher (external)	success
37641383647	schedule	2026-10-07T15:00:06Z	Recovery dispatcher	success
37644006434	workflow_dispatch	2026-10-07T15:27:02Z	Recovery dispatcher (external)	success
37645560655	schedule	2026-10-07T15:38:34Z	Recovery dispatcher	success
37646057749	workflow_dispatch	2026-10-07T15:42:02Z	Recovery dispatcher (external)	success
37648128664	workflow_dispatch	2026-10-07T15:57:02Z	Recovery dispatcher (external)	success
37648579534	schedule	2026-10-07T16:00:21Z	Recovery dispatcher	success
37650301673	workflow_dispatch	2026-10-07T16:13:06Z	Recovery dispatcher (external)	success
37652116382	workflow_dispatch	2026-10-07T16:27:02Z	Recovery dispatcher (external)	success
37652678604	schedule	2026-10-07T16:31:13Z	Recovery dispatcher	success
37654095797	workflow_dispatch	2026-10-07T16:42:02Z	Recovery dispatcher (external)	success
37656173173	schedule	2026-10-07T17:04:24Z	Recovery dispatcher	success
37657210693	workflow_dispatch	2026-10-07T17:12:02Z	Recovery dispatcher (external)	success
37659148312	workflow_dispatch	2026-10-07T17:27:02Z	Recovery dispatcher (external)	success
37659433798	schedule	2026-10-07T17:29:14Z	Recovery dispatcher	success
37661094207	workflow_dispatch	2026-10-07T17:42:02Z	Recovery dispatcher (external)	success
37662809708	schedule	2026-10-07T17:55:17Z	Recovery dispatcher	success
37663034266	workflow_dispatch	2026-10-07T17:57:02Z	Recovery dispatcher (external)	success
37664978852	workflow_dispatch	2026-10-07T18:12:02Z	Recovery dispatcher (external)	success
37665577869	schedule	2026-10-07T18:16:37Z	Recovery dispatcher	success
37666915209	workflow_dispatch	2026-10-07T18:27:02Z	Recovery dispatcher (external)	success
37668827682	workflow_dispatch	2026-10-07T18:42:02Z	Recovery dispatcher (external)	success
37669325692	schedule	2026-10-07T18:45:53Z	Recovery dispatcher	success
37670738540	workflow_dispatch	2026-10-07T18:57:01Z	Recovery dispatcher (external)	success
37672253586	schedule	2026-10-07T19:08:45Z	Recovery dispatcher	success
37672665106	workflow_dispatch	2026-10-07T19:12:02Z	Recovery dispatcher (external)	success
37674569460	workflow_dispatch	2026-10-07T19:27:02Z	Recovery dispatcher (external)	success
37674913335	schedule	2026-10-07T19:29:49Z	Recovery dispatcher	success
37676461410	workflow_dispatch	2026-10-07T19:42:02Z	Recovery dispatcher (external)	success
37677812593	schedule	2026-10-07T19:52:46Z	Recovery dispatcher	success
37678339376	workflow_dispatch	2026-10-07T19:57:02Z	Recovery dispatcher (external)	success
