# Scheduled US releases used by range_model (package 11.1). Times are 08:30 ET (BLS) and 14:00 ET (FOMC statement) converted to UTC with zoneinfo America/New_York. Built Sep 25-26 2026. Coverage: CPI/NFP/PPI Feb 2020 - Dec 15 2026; FOMC Jan 2020 - Dec 9 2026. A forecast whose horizon passes the coverage end must refresh this file first (runbook requirement 68).
release_utc,event,release_date_local,local_time,source,method
2020-01-29T19:00:00Z,FOMC,2020-01-29,14:00 ET,"https://www.federalreserve.gov/monetarypolicy/fomccalendars.htm; fomchistorical2020.htm","parsed from Fed pages (curl, Sep 25 2026); statement day = last meeting day; scheduled meetings only (2020-03-03 and 2020-03-15 unscheduled, 2020-03-17/18 cancelled, 2025-08-22 notation vote excluded); 14:00 ET is standing Fed practice, not verified per meeting"
2020-02-07T13:30:00Z,NFP,2020-02-07,08:30 ET,"https://www.bls.gov/bls/news-release/empsit.htm","WebFetch of the BLS release archive, extracted twice with different prompts; the two extractions agree on every overlapping date"
2020-02-13T13:30:00Z,CPI,2020-02-13,08:30 ET,"https://www.bls.gov/bls/news-release/cpi.htm","WebFetch of the BLS release archive, extracted twice with different prompts; the two extractions agree on every overlapping date"
2020-02-19T13:30:00Z,PPI,2020-02-19,08:30 ET,"https://www.bls.gov/bls/news-release/ppi.htm","WebFetch of the BLS release archive, extracted twice with different prompts; the two extractions agree on every overlapping date"
2020-03-06T13:30:00Z,NFP,2020-03-06,08:30 ET,"https://www.bls.gov/bls/news-release/empsit.htm","WebFetch of the BLS release archive, extracted twice with different prompts; the two extractions agree on every overlapping date"
2020-03-11T12:30:00Z,CPI,2020-03-11,08:30 ET,"https://www.bls.gov/bls/news-release/cpi.htm","WebFetch of the BLS release archive, extracted twice with different prompts; the two extractions agree on every overlapping date"
2020-03-12T12:30:00Z,PPI,2020-03-12,08:30 ET,"https://www.bls.gov/bls/news-release/ppi.htm","WebFetch of the BLS release archive, extracted twice with different prompts; the two extractions agree on every overlapping date"
2020-04-03T12:30:00Z,NFP,2020-04-03,08:30 ET,"https://www.bls.gov/bls/news-release/empsit.htm","WebFetch of the BLS release archive, extracted twice with different prompts; the two extractions agree on every overlapping date"
2020-04-09T12:30:00Z,PPI,2020-04-09,08:30 ET,"https://www.bls.gov/bls/news-release/ppi.htm","WebFetch of the BLS release archive, extracted twice with different prompts; the two extractions agree on every overlapping date"
2020-04-10T12:30:00Z,CPI,2020-04-10,08:30 ET,"https://www.bls.gov/bls/news-release/cpi.htm","WebFetch of the BLS release archive, extracted twice with different prompts; the two extractions agree on every overlapping date"
2020-04-29T18:00:00Z,FOMC,2020-04-29,14:00 ET,"https://www.federalreserve.gov/monetarypolicy/fomccalendars.htm; fomchistorical2020.htm","parsed from Fed pages (curl, Sep 25 2026); statement day = last meeting day; scheduled meetings only (2020-03-03 and 2020-03-15 unscheduled, 2020-03-17/18 cancelled, 2025-08-22 notation vote excluded); 14:00 ET is standing Fed practice, not verified per meeting"
2020-05-08T12:30:00Z,NFP,2020-05-08,08:30 ET,"https://www.bls.gov/bls/news-release/empsit.htm","WebFetch of the BLS release archive, extracted twice with different prompts; the two extractions agree on every overlapping date"
2020-05-12T12:30:00Z,CPI,2020-05-12,08:30 ET,"https://www.bls.gov/bls/news-release/cpi.htm","WebFetch of the BLS release archive, extracted twice with different prompts; the two extractions agree on every overlapping date"
2020-05-13T12:30:00Z,PPI,2020-05-13,08:30 ET,"https://www.bls.gov/bls/news-release/ppi.htm","WebFetch of the BLS release archive, extracted twice with different prompts; the two extractions agree on every overlapping date"
2020-06-05T12:30:00Z,NFP,2020-06-05,08:30 ET,"https://www.bls.gov/bls/news-release/empsit.htm","WebFetch of the BLS release archive, extracted twice with different prompts; the two extractions agree on every overlapping date"
2020-06-10T12:30:00Z,CPI,2020-06-10,08:30 ET,"https://www.bls.gov/bls/news-release/cpi.htm","WebFetch of the BLS release archive, extracted twice with different prompts; the two extractions agree on every overlapping date"
2020-06-10T18:00:00Z,FOMC,2020-06-10,14:00 ET,"https://www.federalreserve.gov/monetarypolicy/fomccalendars.htm; fomchistorical2020.htm","parsed from Fed pages (curl, Sep 25 2026); statement day = last meeting day; scheduled meetings only (2020-03-03 and 2020-03-15 unscheduled, 2020-03-17/18 cancelled, 2025-08-22 notation vote excluded); 14:00 ET is standing Fed practice, not verified per meeting"
2020-06-11T12:30:00Z,PPI,2020-06-11,08:30 ET,"https://www.bls.gov/bls/news-release/ppi.htm","WebFetch of the BLS release archive, extracted twice with different prompts; the two extractions agree on every overlapping date"
2020-07-02T12:30:00Z,NFP,2020-07-02,08:30 ET,"https://www.bls.gov/bls/news-release/empsit.htm","WebFetch of the BLS release archive, extracted twice with different prompts; the two extractions agree on every overlapping date"
2020-07-10T12:30:00Z,PPI,2020-07-10,08:30 ET,"https://www.bls.gov/bls/news-release/ppi.htm","WebFetch of the BLS release archive, extracted twice with different prompts; the two extractions agree on every overlapping date"
2020-07-14T12:30:00Z,CPI,2020-07-14,08:30 ET,"https://www.bls.gov/bls/news-release/cpi.htm","WebFetch of the BLS release archive, extracted twice with different prompts; the two extractions agree on every overlapping date"
2020-07-29T18:00:00Z,FOMC,2020-07-29,14:00 ET,"https://www.federalreserve.gov/monetarypolicy/fomccalendars.htm; fomchistorical2020.htm","parsed from Fed pages (curl, Sep 25 2026); statement day = last meeting day; scheduled meetings only (2020-03-03 and 2020-03-15 unscheduled, 2020-03-17/18 cancelled, 2025-08-22 notation vote excluded); 14:00 ET is standing Fed practice, not verified per meeting"
2020-08-07T12:30:00Z,NFP,2020-08-07,08:30 ET,"https://www.bls.gov/bls/news-release/empsit.htm","WebFetch of the BLS release archive, extracted twice with different prompts; the two extractions agree on every overlapping date"
2020-08-11T12:30:00Z,PPI,2020-08-11,08:30 ET,"https://www.bls.gov/bls/news-release/ppi.htm","WebFetch of the BLS release archive, extracted twice with different prompts; the two extractions agree on every overlapping date"
2020-08-12T12:30:00Z,CPI,2020-08-12,08:30 ET,"https://www.bls.gov/bls/news-release/cpi.htm","WebFetch of the BLS release archive, extracted twice with different prompts; the two extractions agree on every overlapping date"
2020-09-04T12:30:00Z,NFP,2020-09-04,08:30 ET,"https://www.bls.gov/bls/news-release/empsit.htm","WebFetch of the BLS release archive, extracted twice with different prompts; the two extractions agree on every overlapping date"
2020-09-10T12:30:00Z,PPI,2020-09-10,08:30 ET,"https://www.bls.gov/bls/news-release/ppi.htm","WebFetch of the BLS release archive, extracted twice with different prompts; the two extractions agree on every overlapping date"
2020-09-11T12:30:00Z,CPI,2020-09-11,08:30 ET,"https://www.bls.gov/bls/news-release/cpi.htm","WebFetch of the BLS release archive, extracted twice with different prompts; the two extractions agree on every overlapping date"
2020-09-16T18:00:00Z,FOMC,2020-09-16,14:00 ET,"https://www.federalreserve.gov/monetarypolicy/fomccalendars.htm; fomchistorical2020.htm","parsed from Fed pages (curl, Sep 25 2026); statement day = last meeting day; scheduled meetings only (2020-03-03 and 2020-03-15 unscheduled, 2020-03-17/18 cancelled, 2025-08-22 notation vote excluded); 14:00 ET is standing Fed practice, not verified per meeting"
2020-10-02T12:30:00Z,NFP,2020-10-02,08:30 ET,"https://www.bls.gov/bls/news-release/empsit.htm","WebFetch of the BLS release archive, extracted twice with different prompts; the two extractions agree on every overlapping date"
2020-10-13T12:30:00Z,CPI,2020-10-13,08:30 ET,"https://www.bls.gov/bls/news-release/cpi.htm","WebFetch of the BLS release archive, extracted twice with different prompts; the two extractions agree on every overlapping date"
2020-10-14T12:30:00Z,PPI,2020-10-14,08:30 ET,"https://www.bls.gov/bls/news-release/ppi.htm","WebFetch of the BLS release archive, extracted twice with different prompts; the two extractions agree on every overlapping date"
2020-11-05T19:00:00Z,FOMC,2020-11-05,14:00 ET,"https://www.federalreserve.gov/monetarypolicy/fomccalendars.htm; fomchistorical2020.htm","parsed from Fed pages (curl, Sep 25 2026); statement day = last meeting day; scheduled meetings only (2020-03-03 and 2020-03-15 unscheduled, 2020-03-17/18 cancelled, 2025-08-22 notation vote excluded); 14:00 ET is standing Fed practice, not verified per meeting"
2020-11-06T13:30:00Z,NFP,2020-11-06,08:30 ET,"https://www.bls.gov/bls/news-release/empsit.htm","WebFetch of the BLS release archive, extracted twice with different prompts; the two extractions agree on every overlapping date"
2020-11-12T13:30:00Z,CPI,2020-11-12,08:30 ET,"https://www.bls.gov/bls/news-release/cpi.htm","WebFetch of the BLS release archive, extracted twice with different prompts; the two extractions agree on every overlapping date"
2020-11-13T13:30:00Z,PPI,2020-11-13,08:30 ET,"https://www.bls.gov/bls/news-release/ppi.htm","WebFetch of the BLS release archive, extracted twice with different prompts; the two extractions agree on every overlapping date"
2020-12-04T13:30:00Z,NFP,2020-12-04,08:30 ET,"https://www.bls.gov/bls/news-release/empsit.htm","WebFetch of the BLS release archive, extracted twice with different prompts; the two extractions agree on every overlapping date"
2020-12-10T13:30:00Z,CPI,2020-12-10,08:30 ET,"https://www.bls.gov/bls/news-release/cpi.htm","WebFetch of the BLS release archive, extracted twice with different prompts; the two extractions agree on every overlapping date"
2020-12-11T13:30:00Z,PPI,2020-12-11,08:30 ET,"https://www.bls.gov/bls/news-release/ppi.htm","WebFetch of the BLS release archive, extracted twice with different prompts; the two extractions agree on every overlapping date"
2020-12-16T19:00:00Z,FOMC,2020-12-16,14:00 ET,"https://www.federalreserve.gov/monetarypolicy/fomccalendars.htm; fomchistorical2020.htm","parsed from Fed pages (curl, Sep 25 2026); statement day = last meeting day; scheduled meetings only (2020-03-03 and 2020-03-15 unscheduled, 2020-03-17/18 cancelled, 2025-08-22 notation vote excluded); 14:00 ET is standing Fed practice, not verified per meeting"
2021-01-08T13:30:00Z,NFP,2021-01-08,08:30 ET,"https://www.bls.gov/bls/news-release/empsit.htm","WebFetch of the BLS release archive, extracted twice with different prompts; the two extractions agree on every overlapping date"
2021-01-13T13:30:00Z,CPI,2021-01-13,08:30 ET,"https://www.bls.gov/bls/news-release/cpi.htm","WebFetch of the BLS release archive, extracted twice with different prompts; the two extractions agree on every overlapping date"
2021-01-15T13:30:00Z,PPI,2021-01-15,08:30 ET,"https://www.bls.gov/bls/news-release/ppi.htm","WebFetch of the BLS release archive, extracted twice with different prompts; the two extractions agree on every overlapping date"
2021-01-27T19:00:00Z,FOMC,2021-01-27,14:00 ET,"https://www.federalreserve.gov/monetarypolicy/fomccalendars.htm; fomchistorical2020.htm","parsed from Fed pages (curl, Sep 25 2026); statement day = last meeting day; scheduled meetings only (2020-03-03 and 2020-03-15 unscheduled, 2020-03-17/18 cancelled, 2025-08-22 notation vote excluded); 14:00 ET is standing Fed practice, not verified per meeting"
2021-02-05T13:30:00Z,NFP,2021-02-05,08:30 ET,"https://www.bls.gov/bls/news-release/empsit.htm","WebFetch of the BLS release archive, extracted twice with different prompts; the two extractions agree on every overlapping date"
2021-02-10T13:30:00Z,CPI,2021-02-10,08:30 ET,"https://www.bls.gov/bls/news-release/cpi.htm","WebFetch of the BLS release archive, extracted twice with different prompts; the two extractions agree on every overlapping date"
2021-02-17T13:30:00Z,PPI,2021-02-17,08:30 ET,"https://www.bls.gov/bls/news-release/ppi.htm","WebFetch of the BLS release archive, extracted twice with different prompts; the two extractions agree on every overlapping date"
2021-03-05T13:30:00Z,NFP,2021-03-05,08:30 ET,"https://www.bls.gov/bls/news-release/empsit.htm","WebFetch of the BLS release archive, extracted twice with different prompts; the two extractions agree on every overlapping date"
2021-03-10T13:30:00Z,CPI,2021-03-10,08:30 ET,"https://www.bls.gov/bls/news-release/cpi.htm","WebFetch of the BLS release archive, extracted twice with different prompts; the two extractions agree on every overlapping date"
2021-03-12T13:30:00Z,PPI,2021-03-12,08:30 ET,"https://www.bls.gov/bls/news-release/ppi.htm","WebFetch of the BLS release archive, extracted twice with different prompts; the two extractions agree on every overlapping date"
2021-03-17T18:00:00Z,FOMC,2021-03-17,14:00 ET,"https://www.federalreserve.gov/monetarypolicy/fomccalendars.htm; fomchistorical2020.htm","parsed from Fed pages (curl, Sep 25 2026); statement day = last meeting day; scheduled meetings only (2020-03-03 and 2020-03-15 unscheduled, 2020-03-17/18 cancelled, 2025-08-22 notation vote excluded); 14:00 ET is standing Fed practice, not verified per meeting"
2021-04-02T12:30:00Z,NFP,2021-04-02,08:30 ET,"https://www.bls.gov/bls/news-release/empsit.htm","WebFetch of the BLS release archive, extracted twice with different prompts; the two extractions agree on every overlapping date"
2021-04-09T12:30:00Z,PPI,2021-04-09,08:30 ET,"https://www.bls.gov/bls/news-release/ppi.htm","WebFetch of the BLS release archive, extracted twice with different prompts; the two extractions agree on every overlapping date"
2021-04-13T12:30:00Z,CPI,2021-04-13,08:30 ET,"https://www.bls.gov/bls/news-release/cpi.htm","WebFetch of the BLS release archive, extracted twice with different prompts; the two extractions agree on every overlapping date"
2021-04-28T18:00:00Z,FOMC,2021-04-28,14:00 ET,"https://www.federalreserve.gov/monetarypolicy/fomccalendars.htm; fomchistorical2020.htm","parsed from Fed pages (curl, Sep 25 2026); statement day = last meeting day; scheduled meetings only (2020-03-03 and 2020-03-15 unscheduled, 2020-03-17/18 cancelled, 2025-08-22 notation vote excluded); 14:00 ET is standing Fed practice, not verified per meeting"
2021-05-07T12:30:00Z,NFP,2021-05-07,08:30 ET,"https://www.bls.gov/bls/news-release/empsit.htm","WebFetch of the BLS release archive, extracted twice with different prompts; the two extractions agree on every overlapping date"
2021-05-12T12:30:00Z,CPI,2021-05-12,08:30 ET,"https://www.bls.gov/bls/news-release/cpi.htm","WebFetch of the BLS release archive, extracted twice with different prompts; the two extractions agree on every overlapping date"
2021-05-13T12:30:00Z,PPI,2021-05-13,08:30 ET,"https://www.bls.gov/bls/news-release/ppi.htm","WebFetch of the BLS release archive, extracted twice with different prompts; the two extractions agree on every overlapping date"
2021-06-04T12:30:00Z,NFP,2021-06-04,08:30 ET,"https://www.bls.gov/bls/news-release/empsit.htm","WebFetch of the BLS release archive, extracted twice with different prompts; the two extractions agree on every overlapping date"
2021-06-10T12:30:00Z,CPI,2021-06-10,08:30 ET,"https://www.bls.gov/bls/news-release/cpi.htm","WebFetch of the BLS release archive, extracted twice with different prompts; the two extractions agree on every overlapping date"
2021-06-15T12:30:00Z,PPI,2021-06-15,08:30 ET,"https://www.bls.gov/bls/news-release/ppi.htm","WebFetch of the BLS release archive, extracted twice with different prompts; the two extractions agree on every overlapping date"
2021-06-16T18:00:00Z,FOMC,2021-06-16,14:00 ET,"https://www.federalreserve.gov/monetarypolicy/fomccalendars.htm; fomchistorical2020.htm","parsed from Fed pages (curl, Sep 25 2026); statement day = last meeting day; scheduled meetings only (2020-03-03 and 2020-03-15 unscheduled, 2020-03-17/18 cancelled, 2025-08-22 notation vote excluded); 14:00 ET is standing Fed practice, not verified per meeting"
2021-07-02T12:30:00Z,NFP,2021-07-02,08:30 ET,"https://www.bls.gov/bls/news-release/empsit.htm","WebFetch of the BLS release archive, extracted twice with different prompts; the two extractions agree on every overlapping date"
2021-07-13T12:30:00Z,CPI,2021-07-13,08:30 ET,"https://www.bls.gov/bls/news-release/cpi.htm","WebFetch of the BLS release archive, extracted twice with different prompts; the two extractions agree on every overlapping date"
2021-07-14T12:30:00Z,PPI,2021-07-14,08:30 ET,"https://www.bls.gov/bls/news-release/ppi.htm","WebFetch of the BLS release archive, extracted twice with different prompts; the two extractions agree on every overlapping date"
2021-07-28T18:00:00Z,FOMC,2021-07-28,14:00 ET,"https://www.federalreserve.gov/monetarypolicy/fomccalendars.htm; fomchistorical2020.htm","parsed from Fed pages (curl, Sep 25 2026); statement day = last meeting day; scheduled meetings only (2020-03-03 and 2020-03-15 unscheduled, 2020-03-17/18 cancelled, 2025-08-22 notation vote excluded); 14:00 ET is standing Fed practice, not verified per meeting"
2021-08-06T12:30:00Z,NFP,2021-08-06,08:30 ET,"https://www.bls.gov/bls/news-release/empsit.htm","WebFetch of the BLS release archive, extracted twice with different prompts; the two extractions agree on every overlapping date"
2021-08-11T12:30:00Z,CPI,2021-08-11,08:30 ET,"https://www.bls.gov/bls/news-release/cpi.htm","WebFetch of the BLS release archive, extracted twice with different prompts; the two extractions agree on every overlapping date"
2021-08-12T12:30:00Z,PPI,2021-08-12,08:30 ET,"https://www.bls.gov/bls/news-release/ppi.htm","WebFetch of the BLS release archive, extracted twice with different prompts; the two extractions agree on every overlapping date"
2021-09-03T12:30:00Z,NFP,2021-09-03,08:30 ET,"https://www.bls.gov/bls/news-release/empsit.htm","WebFetch of the BLS release archive, extracted twice with different prompts; the two extractions agree on every overlapping date"
2021-09-10T12:30:00Z,PPI,2021-09-10,08:30 ET,"https://www.bls.gov/bls/news-release/ppi.htm","WebFetch of the BLS release archive, extracted twice with different prompts; the two extractions agree on every overlapping date"
2021-09-14T12:30:00Z,CPI,2021-09-14,08:30 ET,"https://www.bls.gov/bls/news-release/cpi.htm","WebFetch of the BLS release archive, extracted twice with different prompts; the two extractions agree on every overlapping date"
2021-09-22T18:00:00Z,FOMC,2021-09-22,14:00 ET,"https://www.federalreserve.gov/monetarypolicy/fomccalendars.htm; fomchistorical2020.htm","parsed from Fed pages (curl, Sep 25 2026); statement day = last meeting day; scheduled meetings only (2020-03-03 and 2020-03-15 unscheduled, 2020-03-17/18 cancelled, 2025-08-22 notation vote excluded); 14:00 ET is standing Fed practice, not verified per meeting"
2021-10-08T12:30:00Z,NFP,2021-10-08,08:30 ET,"https://www.bls.gov/bls/news-release/empsit.htm","WebFetch of the BLS release archive, extracted twice with different prompts; the two extractions agree on every overlapping date"
2021-10-13T12:30:00Z,CPI,2021-10-13,08:30 ET,"https://www.bls.gov/bls/news-release/cpi.htm","WebFetch of the BLS release archive, extracted twice with different prompts; the two extractions agree on every overlapping date"
2021-10-14T12:30:00Z,PPI,2021-10-14,08:30 ET,"https://www.bls.gov/bls/news-release/ppi.htm","WebFetch of the BLS release archive, extracted twice with different prompts; the two extractions agree on every overlapping date"
2021-11-03T18:00:00Z,FOMC,2021-11-03,14:00 ET,"https://www.federalreserve.gov/monetarypolicy/fomccalendars.htm; fomchistorical2020.htm","parsed from Fed pages (curl, Sep 25 2026); statement day = last meeting day; scheduled meetings only (2020-03-03 and 2020-03-15 unscheduled, 2020-03-17/18 cancelled, 2025-08-22 notation vote excluded); 14:00 ET is standing Fed practice, not verified per meeting"
2021-11-05T12:30:00Z,NFP,2021-11-05,08:30 ET,"https://www.bls.gov/bls/news-release/empsit.htm","WebFetch of the BLS release archive, extracted twice with different prompts; the two extractions agree on every overlapping date"
2021-11-09T13:30:00Z,PPI,2021-11-09,08:30 ET,"https://www.bls.gov/bls/news-release/ppi.htm","WebFetch of the BLS release archive, extracted twice with different prompts; the two extractions agree on every overlapping date"
2021-11-10T13:30:00Z,CPI,2021-11-10,08:30 ET,"https://www.bls.gov/bls/news-release/cpi.htm","WebFetch of the BLS release archive, extracted twice with different prompts; the two extractions agree on every overlapping date"
2021-12-03T13:30:00Z,NFP,2021-12-03,08:30 ET,"https://www.bls.gov/bls/news-release/empsit.htm","WebFetch of the BLS release archive, extracted twice with different prompts; the two extractions agree on every overlapping date"
2021-12-10T13:30:00Z,CPI,2021-12-10,08:30 ET,"https://www.bls.gov/bls/news-release/cpi.htm","WebFetch of the BLS release archive, extracted twice with different prompts; the two extractions agree on every overlapping date"
2021-12-14T13:30:00Z,PPI,2021-12-14,08:30 ET,"https://www.bls.gov/bls/news-release/ppi.htm","WebFetch of the BLS release archive, extracted twice with different prompts; the two extractions agree on every overlapping date"
2021-12-15T19:00:00Z,FOMC,2021-12-15,14:00 ET,"https://www.federalreserve.gov/monetarypolicy/fomccalendars.htm; fomchistorical2020.htm","parsed from Fed pages (curl, Sep 25 2026); statement day = last meeting day; scheduled meetings only (2020-03-03 and 2020-03-15 unscheduled, 2020-03-17/18 cancelled, 2025-08-22 notation vote excluded); 14:00 ET is standing Fed practice, not verified per meeting"
2022-01-07T13:30:00Z,NFP,2022-01-07,08:30 ET,"https://www.bls.gov/bls/news-release/empsit.htm","WebFetch of the BLS release archive, extracted twice with different prompts; the two extractions agree on every overlapping date"
2022-01-12T13:30:00Z,CPI,2022-01-12,08:30 ET,"https://www.bls.gov/bls/news-release/cpi.htm","WebFetch of the BLS release archive, extracted twice with different prompts; the two extractions agree on every overlapping date"
2022-01-13T13:30:00Z,PPI,2022-01-13,08:30 ET,"https://www.bls.gov/bls/news-release/ppi.htm","WebFetch of the BLS release archive, extracted twice with different prompts; the two extractions agree on every overlapping date"
2022-01-26T19:00:00Z,FOMC,2022-01-26,14:00 ET,"https://www.federalreserve.gov/monetarypolicy/fomccalendars.htm; fomchistorical2020.htm","parsed from Fed pages (curl, Sep 25 2026); statement day = last meeting day; scheduled meetings only (2020-03-03 and 2020-03-15 unscheduled, 2020-03-17/18 cancelled, 2025-08-22 notation vote excluded); 14:00 ET is standing Fed practice, not verified per meeting"
2022-02-04T13:30:00Z,NFP,2022-02-04,08:30 ET,"https://www.bls.gov/bls/news-release/empsit.htm","WebFetch of the BLS release archive, extracted twice with different prompts; the two extractions agree on every overlapping date"
2022-02-10T13:30:00Z,CPI,2022-02-10,08:30 ET,"https://www.bls.gov/bls/news-release/cpi.htm","WebFetch of the BLS release archive, extracted twice with different prompts; the two extractions agree on every overlapping date"
2022-02-15T13:30:00Z,PPI,2022-02-15,08:30 ET,"https://www.bls.gov/bls/news-release/ppi.htm","WebFetch of the BLS release archive, extracted twice with different prompts; the two extractions agree on every overlapping date"
2022-03-04T13:30:00Z,NFP,2022-03-04,08:30 ET,"https://www.bls.gov/bls/news-release/empsit.htm","WebFetch of the BLS release archive, extracted twice with different prompts; the two extractions agree on every overlapping date"
2022-03-10T13:30:00Z,CPI,2022-03-10,08:30 ET,"https://www.bls.gov/bls/news-release/cpi.htm","WebFetch of the BLS release archive, extracted twice with different prompts; the two extractions agree on every overlapping date"
2022-03-15T12:30:00Z,PPI,2022-03-15,08:30 ET,"https://www.bls.gov/bls/news-release/ppi.htm","WebFetch of the BLS release archive, extracted twice with different prompts; the two extractions agree on every overlapping date"
2022-03-16T18:00:00Z,FOMC,2022-03-16,14:00 ET,"https://www.federalreserve.gov/monetarypolicy/fomccalendars.htm; fomchistorical2020.htm","parsed from Fed pages (curl, Sep 25 2026); statement day = last meeting day; scheduled meetings only (2020-03-03 and 2020-03-15 unscheduled, 2020-03-17/18 cancelled, 2025-08-22 notation vote excluded); 14:00 ET is standing Fed practice, not verified per meeting"
2022-04-01T12:30:00Z,NFP,2022-04-01,08:30 ET,"https://www.bls.gov/bls/news-release/empsit.htm","WebFetch of the BLS release archive, extracted twice with different prompts; the two extractions agree on every overlapping date"
2022-04-12T12:30:00Z,CPI,2022-04-12,08:30 ET,"https://www.bls.gov/bls/news-release/cpi.htm","WebFetch of the BLS release archive, extracted twice with different prompts; the two extractions agree on every overlapping date"
2022-04-13T12:30:00Z,PPI,2022-04-13,08:30 ET,"https://www.bls.gov/bls/news-release/ppi.htm","WebFetch of the BLS release archive, extracted twice with different prompts; the two extractions agree on every overlapping date"
2022-05-04T18:00:00Z,FOMC,2022-05-04,14:00 ET,"https://www.federalreserve.gov/monetarypolicy/fomccalendars.htm; fomchistorical2020.htm","parsed from Fed pages (curl, Sep 25 2026); statement day = last meeting day; scheduled meetings only (2020-03-03 and 2020-03-15 unscheduled, 2020-03-17/18 cancelled, 2025-08-22 notation vote excluded); 14:00 ET is standing Fed practice, not verified per meeting"
2022-05-06T12:30:00Z,NFP,2022-05-06,08:30 ET,"https://www.bls.gov/bls/news-release/empsit.htm","WebFetch of the BLS release archive, extracted twice with different prompts; the two extractions agree on every overlapping date"
2022-05-11T12:30:00Z,CPI,2022-05-11,08:30 ET,"https://www.bls.gov/bls/news-release/cpi.htm","WebFetch of the BLS release archive, extracted twice with different prompts; the two extractions agree on every overlapping date"
2022-05-12T12:30:00Z,PPI,2022-05-12,08:30 ET,"https://www.bls.gov/bls/news-release/ppi.htm","WebFetch of the BLS release archive, extracted twice with different prompts; the two extractions agree on every overlapping date"
2022-06-03T12:30:00Z,NFP,2022-06-03,08:30 ET,"https://www.bls.gov/bls/news-release/empsit.htm","WebFetch of the BLS release archive, extracted twice with different prompts; the two extractions agree on every overlapping date"
2022-06-10T12:30:00Z,CPI,2022-06-10,08:30 ET,"https://www.bls.gov/bls/news-release/cpi.htm","WebFetch of the BLS release archive, extracted twice with different prompts; the two extractions agree on every overlapping date"
2022-06-14T12:30:00Z,PPI,2022-06-14,08:30 ET,"https://www.bls.gov/bls/news-release/ppi.htm","WebFetch of the BLS release archive, extracted twice with different prompts; the two extractions agree on every overlapping date"
2022-06-15T18:00:00Z,FOMC,2022-06-15,14:00 ET,"https://www.federalreserve.gov/monetarypolicy/fomccalendars.htm; fomchistorical2020.htm","parsed from Fed pages (curl, Sep 25 2026); statement day = last meeting day; scheduled meetings only (2020-03-03 and 2020-03-15 unscheduled, 2020-03-17/18 cancelled, 2025-08-22 notation vote excluded); 14:00 ET is standing Fed practice, not verified per meeting"
2022-07-08T12:30:00Z,NFP,2022-07-08,08:30 ET,"https://www.bls.gov/bls/news-release/empsit.htm","WebFetch of the BLS release archive, extracted twice with different prompts; the two extractions agree on every overlapping date"
2022-07-13T12:30:00Z,CPI,2022-07-13,08:30 ET,"https://www.bls.gov/bls/news-release/cpi.htm","WebFetch of the BLS release archive, extracted twice with different prompts; the two extractions agree on every overlapping date"
2022-07-14T12:30:00Z,PPI,2022-07-14,08:30 ET,"https://www.bls.gov/bls/news-release/ppi.htm","WebFetch of the BLS release archive, extracted twice with different prompts; the two extractions agree on every overlapping date"
2022-07-27T18:00:00Z,FOMC,2022-07-27,14:00 ET,"https://www.federalreserve.gov/monetarypolicy/fomccalendars.htm; fomchistorical2020.htm","parsed from Fed pages (curl, Sep 25 2026); statement day = last meeting day; scheduled meetings only (2020-03-03 and 2020-03-15 unscheduled, 2020-03-17/18 cancelled, 2025-08-22 notation vote excluded); 14:00 ET is standing Fed practice, not verified per meeting"
2022-08-05T12:30:00Z,NFP,2022-08-05,08:30 ET,"https://www.bls.gov/bls/news-release/empsit.htm","WebFetch of the BLS release archive, extracted twice with different prompts; the two extractions agree on every overlapping date"
2022-08-10T12:30:00Z,CPI,2022-08-10,08:30 ET,"https://www.bls.gov/bls/news-release/cpi.htm","WebFetch of the BLS release archive, extracted twice with different prompts; the two extractions agree on every overlapping date"
2022-08-11T12:30:00Z,PPI,2022-08-11,08:30 ET,"https://www.bls.gov/bls/news-release/ppi.htm","WebFetch of the BLS release archive, extracted twice with different prompts; the two extractions agree on every overlapping date"
2022-09-02T12:30:00Z,NFP,2022-09-02,08:30 ET,"https://www.bls.gov/bls/news-release/empsit.htm","WebFetch of the BLS release archive, extracted twice with different prompts; the two extractions agree on every overlapping date"
2022-09-13T12:30:00Z,CPI,2022-09-13,08:30 ET,"https://www.bls.gov/bls/news-release/cpi.htm","WebFetch of the BLS release archive, extracted twice with different prompts; the two extractions agree on every overlapping date"
2022-09-14T12:30:00Z,PPI,2022-09-14,08:30 ET,"https://www.bls.gov/bls/news-release/ppi.htm","WebFetch of the BLS release archive, extracted twice with different prompts; the two extractions agree on every overlapping date"
2022-09-21T18:00:00Z,FOMC,2022-09-21,14:00 ET,"https://www.federalreserve.gov/monetarypolicy/fomccalendars.htm; fomchistorical2020.htm","parsed from Fed pages (curl, Sep 25 2026); statement day = last meeting day; scheduled meetings only (2020-03-03 and 2020-03-15 unscheduled, 2020-03-17/18 cancelled, 2025-08-22 notation vote excluded); 14:00 ET is standing Fed practice, not verified per meeting"
2022-10-07T12:30:00Z,NFP,2022-10-07,08:30 ET,"https://www.bls.gov/bls/news-release/empsit.htm","WebFetch of the BLS release archive, extracted twice with different prompts; the two extractions agree on every overlapping date"
2022-10-12T12:30:00Z,PPI,2022-10-12,08:30 ET,"https://www.bls.gov/bls/news-release/ppi.htm","WebFetch of the BLS release archive, extracted twice with different prompts; the two extractions agree on every overlapping date"
2022-10-13T12:30:00Z,CPI,2022-10-13,08:30 ET,"https://www.bls.gov/bls/news-release/cpi.htm","WebFetch of the BLS release archive, extracted twice with different prompts; the two extractions agree on every overlapping date"
2022-11-02T18:00:00Z,FOMC,2022-11-02,14:00 ET,"https://www.federalreserve.gov/monetarypolicy/fomccalendars.htm; fomchistorical2020.htm","parsed from Fed pages (curl, Sep 25 2026); statement day = last meeting day; scheduled meetings only (2020-03-03 and 2020-03-15 unscheduled, 2020-03-17/18 cancelled, 2025-08-22 notation vote excluded); 14:00 ET is standing Fed practice, not verified per meeting"
2022-11-04T12:30:00Z,NFP,2022-11-04,08:30 ET,"https://www.bls.gov/bls/news-release/empsit.htm","WebFetch of the BLS release archive, extracted twice with different prompts; the two extractions agree on every overlapping date"
2022-11-10T13:30:00Z,CPI,2022-11-10,08:30 ET,"https://www.bls.gov/bls/news-release/cpi.htm","WebFetch of the BLS release archive, extracted twice with different prompts; the two extractions agree on every overlapping date"
2022-11-15T13:30:00Z,PPI,2022-11-15,08:30 ET,"https://www.bls.gov/bls/news-release/ppi.htm","WebFetch of the BLS release archive, extracted twice with different prompts; the two extractions agree on every overlapping date"
2022-12-02T13:30:00Z,NFP,2022-12-02,08:30 ET,"https://www.bls.gov/bls/news-release/empsit.htm","WebFetch of the BLS release archive, extracted twice with different prompts; the two extractions agree on every overlapping date"
2022-12-09T13:30:00Z,PPI,2022-12-09,08:30 ET,"https://www.bls.gov/bls/news-release/ppi.htm","WebFetch of the BLS release archive, extracted twice with different prompts; the two extractions agree on every overlapping date"
2022-12-13T13:30:00Z,CPI,2022-12-13,08:30 ET,"https://www.bls.gov/bls/news-release/cpi.htm","WebFetch of the BLS release archive, extracted twice with different prompts; the two extractions agree on every overlapping date"
2022-12-14T19:00:00Z,FOMC,2022-12-14,14:00 ET,"https://www.federalreserve.gov/monetarypolicy/fomccalendars.htm; fomchistorical2020.htm","parsed from Fed pages (curl, Sep 25 2026); statement day = last meeting day; scheduled meetings only (2020-03-03 and 2020-03-15 unscheduled, 2020-03-17/18 cancelled, 2025-08-22 notation vote excluded); 14:00 ET is standing Fed practice, not verified per meeting"
2023-01-06T13:30:00Z,NFP,2023-01-06,08:30 ET,"https://www.bls.gov/bls/news-release/empsit.htm","WebFetch of the BLS release archive, extracted twice with different prompts; the two extractions agree on every overlapping date"
2023-01-12T13:30:00Z,CPI,2023-01-12,08:30 ET,"https://www.bls.gov/bls/news-release/cpi.htm","WebFetch of the BLS release archive, extracted twice with different prompts; the two extractions agree on every overlapping date"
2023-01-18T13:30:00Z,PPI,2023-01-18,08:30 ET,"https://www.bls.gov/bls/news-release/ppi.htm","WebFetch of the BLS release archive, extracted twice with different prompts; the two extractions agree on every overlapping date"
2023-02-01T19:00:00Z,FOMC,2023-02-01,14:00 ET,"https://www.federalreserve.gov/monetarypolicy/fomccalendars.htm; fomchistorical2020.htm","parsed from Fed pages (curl, Sep 25 2026); statement day = last meeting day; scheduled meetings only (2020-03-03 and 2020-03-15 unscheduled, 2020-03-17/18 cancelled, 2025-08-22 notation vote excluded); 14:00 ET is standing Fed practice, not verified per meeting"
2023-02-03T13:30:00Z,NFP,2023-02-03,08:30 ET,"https://www.bls.gov/bls/news-release/empsit.htm","WebFetch of the BLS release archive, extracted twice with different prompts; the two extractions agree on every overlapping date"
2023-02-14T13:30:00Z,CPI,2023-02-14,08:30 ET,"https://www.bls.gov/bls/news-release/cpi.htm","WebFetch of the BLS release archive, extracted twice with different prompts; the two extractions agree on every overlapping date"
2023-02-16T13:30:00Z,PPI,2023-02-16,08:30 ET,"https://www.bls.gov/bls/news-release/ppi.htm","WebFetch of the BLS release archive, extracted twice with different prompts; the two extractions agree on every overlapping date"
2023-03-10T13:30:00Z,NFP,2023-03-10,08:30 ET,"https://www.bls.gov/bls/news-release/empsit.htm","WebFetch of the BLS release archive, extracted twice with different prompts; the two extractions agree on every overlapping date"
2023-03-14T12:30:00Z,CPI,2023-03-14,08:30 ET,"https://www.bls.gov/bls/news-release/cpi.htm","WebFetch of the BLS release archive, extracted twice with different prompts; the two extractions agree on every overlapping date"
2023-03-15T12:30:00Z,PPI,2023-03-15,08:30 ET,"https://www.bls.gov/bls/news-release/ppi.htm","WebFetch of the BLS release archive, extracted twice with different prompts; the two extractions agree on every overlapping date"
2023-03-22T18:00:00Z,FOMC,2023-03-22,14:00 ET,"https://www.federalreserve.gov/monetarypolicy/fomccalendars.htm; fomchistorical2020.htm","parsed from Fed pages (curl, Sep 25 2026); statement day = last meeting day; scheduled meetings only (2020-03-03 and 2020-03-15 unscheduled, 2020-03-17/18 cancelled, 2025-08-22 notation vote excluded); 14:00 ET is standing Fed practice, not verified per meeting"
2023-04-07T12:30:00Z,NFP,2023-04-07,08:30 ET,"https://www.bls.gov/bls/news-release/empsit.htm","WebFetch of the BLS release archive, extracted twice with different prompts; the two extractions agree on every overlapping date"
2023-04-12T12:30:00Z,CPI,2023-04-12,08:30 ET,"https://www.bls.gov/bls/news-release/cpi.htm","WebFetch of the BLS release archive, extracted twice with different prompts; the two extractions agree on every overlapping date"
2023-04-13T12:30:00Z,PPI,2023-04-13,08:30 ET,"https://www.bls.gov/bls/news-release/ppi.htm","WebFetch of the BLS release archive, extracted twice with different prompts; the two extractions agree on every overlapping date"
2023-05-03T18:00:00Z,FOMC,2023-05-03,14:00 ET,"https://www.federalreserve.gov/monetarypolicy/fomccalendars.htm; fomchistorical2020.htm","parsed from Fed pages (curl, Sep 25 2026); statement day = last meeting day; scheduled meetings only (2020-03-03 and 2020-03-15 unscheduled, 2020-03-17/18 cancelled, 2025-08-22 notation vote excluded); 14:00 ET is standing Fed practice, not verified per meeting"
2023-05-05T12:30:00Z,NFP,2023-05-05,08:30 ET,"https://www.bls.gov/bls/news-release/empsit.htm","WebFetch of the BLS release archive, extracted twice with different prompts; the two extractions agree on every overlapping date"
2023-05-10T12:30:00Z,CPI,2023-05-10,08:30 ET,"https://www.bls.gov/bls/news-release/cpi.htm","WebFetch of the BLS release archive, extracted twice with different prompts; the two extractions agree on every overlapping date"
2023-05-11T12:30:00Z,PPI,2023-05-11,08:30 ET,"https://www.bls.gov/bls/news-release/ppi.htm","WebFetch of the BLS release archive, extracted twice with different prompts; the two extractions agree on every overlapping date"
2023-06-02T12:30:00Z,NFP,2023-06-02,08:30 ET,"https://www.bls.gov/bls/news-release/empsit.htm","WebFetch of the BLS release archive, extracted twice with different prompts; the two extractions agree on every overlapping date"
2023-06-13T12:30:00Z,CPI,2023-06-13,08:30 ET,"https://www.bls.gov/bls/news-release/cpi.htm","WebFetch of the BLS release archive, extracted twice with different prompts; the two extractions agree on every overlapping date"
2023-06-14T12:30:00Z,PPI,2023-06-14,08:30 ET,"https://www.bls.gov/bls/news-release/ppi.htm","WebFetch of the BLS release archive, extracted twice with different prompts; the two extractions agree on every overlapping date"
2023-06-14T18:00:00Z,FOMC,2023-06-14,14:00 ET,"https://www.federalreserve.gov/monetarypolicy/fomccalendars.htm; fomchistorical2020.htm","parsed from Fed pages (curl, Sep 25 2026); statement day = last meeting day; scheduled meetings only (2020-03-03 and 2020-03-15 unscheduled, 2020-03-17/18 cancelled, 2025-08-22 notation vote excluded); 14:00 ET is standing Fed practice, not verified per meeting"
2023-07-07T12:30:00Z,NFP,2023-07-07,08:30 ET,"https://www.bls.gov/bls/news-release/empsit.htm","WebFetch of the BLS release archive, extracted twice with different prompts; the two extractions agree on every overlapping date"
2023-07-12T12:30:00Z,CPI,2023-07-12,08:30 ET,"https://www.bls.gov/bls/news-release/cpi.htm","WebFetch of the BLS release archive, extracted twice with different prompts; the two extractions agree on every overlapping date"
2023-07-13T12:30:00Z,PPI,2023-07-13,08:30 ET,"https://www.bls.gov/bls/news-release/ppi.htm","WebFetch of the BLS release archive, extracted twice with different prompts; the two extractions agree on every overlapping date"
2023-07-26T18:00:00Z,FOMC,2023-07-26,14:00 ET,"https://www.federalreserve.gov/monetarypolicy/fomccalendars.htm; fomchistorical2020.htm","parsed from Fed pages (curl, Sep 25 2026); statement day = last meeting day; scheduled meetings only (2020-03-03 and 2020-03-15 unscheduled, 2020-03-17/18 cancelled, 2025-08-22 notation vote excluded); 14:00 ET is standing Fed practice, not verified per meeting"
2023-08-04T12:30:00Z,NFP,2023-08-04,08:30 ET,"https://www.bls.gov/bls/news-release/empsit.htm","WebFetch of the BLS release archive, extracted twice with different prompts; the two extractions agree on every overlapping date"
2023-08-10T12:30:00Z,CPI,2023-08-10,08:30 ET,"https://www.bls.gov/bls/news-release/cpi.htm","WebFetch of the BLS release archive, extracted twice with different prompts; the two extractions agree on every overlapping date"
2023-08-11T12:30:00Z,PPI,2023-08-11,08:30 ET,"https://www.bls.gov/bls/news-release/ppi.htm","WebFetch of the BLS release archive, extracted twice with different prompts; the two extractions agree on every overlapping date"
2023-09-01T12:30:00Z,NFP,2023-09-01,08:30 ET,"https://www.bls.gov/bls/news-release/empsit.htm","WebFetch of the BLS release archive, extracted twice with different prompts; the two extractions agree on every overlapping date"
2023-09-13T12:30:00Z,CPI,2023-09-13,08:30 ET,"https://www.bls.gov/bls/news-release/cpi.htm","WebFetch of the BLS release archive, extracted twice with different prompts; the two extractions agree on every overlapping date"
2023-09-14T12:30:00Z,PPI,2023-09-14,08:30 ET,"https://www.bls.gov/bls/news-release/ppi.htm","WebFetch of the BLS release archive, extracted twice with different prompts; the two extractions agree on every overlapping date"
2023-09-20T18:00:00Z,FOMC,2023-09-20,14:00 ET,"https://www.federalreserve.gov/monetarypolicy/fomccalendars.htm; fomchistorical2020.htm","parsed from Fed pages (curl, Sep 25 2026); statement day = last meeting day; scheduled meetings only (2020-03-03 and 2020-03-15 unscheduled, 2020-03-17/18 cancelled, 2025-08-22 notation vote excluded); 14:00 ET is standing Fed practice, not verified per meeting"
2023-10-06T12:30:00Z,NFP,2023-10-06,08:30 ET,"https://www.bls.gov/bls/news-release/empsit.htm","WebFetch of the BLS release archive, extracted twice with different prompts; the two extractions agree on every overlapping date"
2023-10-11T12:30:00Z,PPI,2023-10-11,08:30 ET,"https://www.bls.gov/bls/news-release/ppi.htm","WebFetch of the BLS release archive, extracted twice with different prompts; the two extractions agree on every overlapping date"
2023-10-12T12:30:00Z,CPI,2023-10-12,08:30 ET,"https://www.bls.gov/bls/news-release/cpi.htm","WebFetch of the BLS release archive, extracted twice with different prompts; the two extractions agree on every overlapping date"
2023-11-01T18:00:00Z,FOMC,2023-11-01,14:00 ET,"https://www.federalreserve.gov/monetarypolicy/fomccalendars.htm; fomchistorical2020.htm","parsed from Fed pages (curl, Sep 25 2026); statement day = last meeting day; scheduled meetings only (2020-03-03 and 2020-03-15 unscheduled, 2020-03-17/18 cancelled, 2025-08-22 notation vote excluded); 14:00 ET is standing Fed practice, not verified per meeting"
2023-11-03T12:30:00Z,NFP,2023-11-03,08:30 ET,"https://www.bls.gov/bls/news-release/empsit.htm","WebFetch of the BLS release archive, extracted twice with different prompts; the two extractions agree on every overlapping date"
2023-11-14T13:30:00Z,CPI,2023-11-14,08:30 ET,"https://www.bls.gov/bls/news-release/cpi.htm","WebFetch of the BLS release archive, extracted twice with different prompts; the two extractions agree on every overlapping date"
2023-11-15T13:30:00Z,PPI,2023-11-15,08:30 ET,"https://www.bls.gov/bls/news-release/ppi.htm","WebFetch of the BLS release archive, extracted twice with different prompts; the two extractions agree on every overlapping date"
2023-12-08T13:30:00Z,NFP,2023-12-08,08:30 ET,"https://www.bls.gov/bls/news-release/empsit.htm","WebFetch of the BLS release archive, extracted twice with different prompts; the two extractions agree on every overlapping date"
2023-12-12T13:30:00Z,CPI,2023-12-12,08:30 ET,"https://www.bls.gov/bls/news-release/cpi.htm","WebFetch of the BLS release archive, extracted twice with different prompts; the two extractions agree on every overlapping date"
2023-12-13T13:30:00Z,PPI,2023-12-13,08:30 ET,"https://www.bls.gov/bls/news-release/ppi.htm","WebFetch of the BLS release archive, extracted twice with different prompts; the two extractions agree on every overlapping date"
2023-12-13T19:00:00Z,FOMC,2023-12-13,14:00 ET,"https://www.federalreserve.gov/monetarypolicy/fomccalendars.htm; fomchistorical2020.htm","parsed from Fed pages (curl, Sep 25 2026); statement day = last meeting day; scheduled meetings only (2020-03-03 and 2020-03-15 unscheduled, 2020-03-17/18 cancelled, 2025-08-22 notation vote excluded); 14:00 ET is standing Fed practice, not verified per meeting"
2024-01-05T13:30:00Z,NFP,2024-01-05,08:30 ET,"https://www.bls.gov/bls/news-release/empsit.htm","WebFetch of the BLS release archive, extracted twice with different prompts; the two extractions agree on every overlapping date"
2024-01-11T13:30:00Z,CPI,2024-01-11,08:30 ET,"https://www.bls.gov/bls/news-release/cpi.htm","WebFetch of the BLS release archive, extracted twice with different prompts; the two extractions agree on every overlapping date"
2024-01-12T13:30:00Z,PPI,2024-01-12,08:30 ET,"https://www.bls.gov/bls/news-release/ppi.htm","WebFetch of the BLS release archive, extracted twice with different prompts; the two extractions agree on every overlapping date"
2024-01-31T19:00:00Z,FOMC,2024-01-31,14:00 ET,"https://www.federalreserve.gov/monetarypolicy/fomccalendars.htm; fomchistorical2020.htm","parsed from Fed pages (curl, Sep 25 2026); statement day = last meeting day; scheduled meetings only (2020-03-03 and 2020-03-15 unscheduled, 2020-03-17/18 cancelled, 2025-08-22 notation vote excluded); 14:00 ET is standing Fed practice, not verified per meeting"
2024-02-02T13:30:00Z,NFP,2024-02-02,08:30 ET,"https://www.bls.gov/bls/news-release/empsit.htm","WebFetch of the BLS release archive, extracted twice with different prompts; the two extractions agree on every overlapping date"
2024-02-13T13:30:00Z,CPI,2024-02-13,08:30 ET,"https://www.bls.gov/bls/news-release/cpi.htm","WebFetch of the BLS release archive, extracted twice with different prompts; the two extractions agree on every overlapping date"
2024-02-16T13:30:00Z,PPI,2024-02-16,08:30 ET,"https://www.bls.gov/bls/news-release/ppi.htm","WebFetch of the BLS release archive, extracted twice with different prompts; the two extractions agree on every overlapping date"
2024-03-08T13:30:00Z,NFP,2024-03-08,08:30 ET,"https://www.bls.gov/bls/news-release/empsit.htm","WebFetch of the BLS release archive, extracted twice with different prompts; the two extractions agree on every overlapping date"
2024-03-12T12:30:00Z,CPI,2024-03-12,08:30 ET,"https://www.bls.gov/bls/news-release/cpi.htm","WebFetch of the BLS release archive, extracted twice with different prompts; the two extractions agree on every overlapping date"
2024-03-14T12:30:00Z,PPI,2024-03-14,08:30 ET,"https://www.bls.gov/bls/news-release/ppi.htm","WebFetch of the BLS release archive, extracted twice with different prompts; the two extractions agree on every overlapping date"
2024-03-20T18:00:00Z,FOMC,2024-03-20,14:00 ET,"https://www.federalreserve.gov/monetarypolicy/fomccalendars.htm; fomchistorical2020.htm","parsed from Fed pages (curl, Sep 25 2026); statement day = last meeting day; scheduled meetings only (2020-03-03 and 2020-03-15 unscheduled, 2020-03-17/18 cancelled, 2025-08-22 notation vote excluded); 14:00 ET is standing Fed practice, not verified per meeting"
2024-04-05T12:30:00Z,NFP,2024-04-05,08:30 ET,"https://www.bls.gov/bls/news-release/empsit.htm","WebFetch of the BLS release archive, extracted twice with different prompts; the two extractions agree on every overlapping date"
2024-04-10T12:30:00Z,CPI,2024-04-10,08:30 ET,"https://www.bls.gov/bls/news-release/cpi.htm","WebFetch of the BLS release archive, extracted twice with different prompts; the two extractions agree on every overlapping date"
2024-04-11T12:30:00Z,PPI,2024-04-11,08:30 ET,"https://www.bls.gov/bls/news-release/ppi.htm","WebFetch of the BLS release archive, extracted twice with different prompts; the two extractions agree on every overlapping date"
2024-05-01T18:00:00Z,FOMC,2024-05-01,14:00 ET,"https://www.federalreserve.gov/monetarypolicy/fomccalendars.htm; fomchistorical2020.htm","parsed from Fed pages (curl, Sep 25 2026); statement day = last meeting day; scheduled meetings only (2020-03-03 and 2020-03-15 unscheduled, 2020-03-17/18 cancelled, 2025-08-22 notation vote excluded); 14:00 ET is standing Fed practice, not verified per meeting"
2024-05-03T12:30:00Z,NFP,2024-05-03,08:30 ET,"https://www.bls.gov/bls/news-release/empsit.htm","WebFetch of the BLS release archive, extracted twice with different prompts; the two extractions agree on every overlapping date"
2024-05-14T12:30:00Z,PPI,2024-05-14,08:30 ET,"https://www.bls.gov/bls/news-release/ppi.htm","WebFetch of the BLS release archive, extracted twice with different prompts; the two extractions agree on every overlapping date"
2024-05-15T12:30:00Z,CPI,2024-05-15,08:30 ET,"https://www.bls.gov/bls/news-release/cpi.htm","WebFetch of the BLS release archive, extracted twice with different prompts; the two extractions agree on every overlapping date"
2024-06-07T12:30:00Z,NFP,2024-06-07,08:30 ET,"https://www.bls.gov/bls/news-release/empsit.htm","WebFetch of the BLS release archive, extracted twice with different prompts; the two extractions agree on every overlapping date"
2024-06-12T12:30:00Z,CPI,2024-06-12,08:30 ET,"https://www.bls.gov/bls/news-release/cpi.htm","WebFetch of the BLS release archive, extracted twice with different prompts; the two extractions agree on every overlapping date"
2024-06-12T18:00:00Z,FOMC,2024-06-12,14:00 ET,"https://www.federalreserve.gov/monetarypolicy/fomccalendars.htm; fomchistorical2020.htm","parsed from Fed pages (curl, Sep 25 2026); statement day = last meeting day; scheduled meetings only (2020-03-03 and 2020-03-15 unscheduled, 2020-03-17/18 cancelled, 2025-08-22 notation vote excluded); 14:00 ET is standing Fed practice, not verified per meeting"
2024-06-13T12:30:00Z,PPI,2024-06-13,08:30 ET,"https://www.bls.gov/bls/news-release/ppi.htm","WebFetch of the BLS release archive, extracted twice with different prompts; the two extractions agree on every overlapping date"
2024-07-05T12:30:00Z,NFP,2024-07-05,08:30 ET,"https://www.bls.gov/bls/news-release/empsit.htm","WebFetch of the BLS release archive, extracted twice with different prompts; the two extractions agree on every overlapping date"
2024-07-11T12:30:00Z,CPI,2024-07-11,08:30 ET,"https://www.bls.gov/bls/news-release/cpi.htm","WebFetch of the BLS release archive, extracted twice with different prompts; the two extractions agree on every overlapping date"
2024-07-12T12:30:00Z,PPI,2024-07-12,08:30 ET,"https://www.bls.gov/bls/news-release/ppi.htm","WebFetch of the BLS release archive, extracted twice with different prompts; the two extractions agree on every overlapping date"
2024-07-31T18:00:00Z,FOMC,2024-07-31,14:00 ET,"https://www.federalreserve.gov/monetarypolicy/fomccalendars.htm; fomchistorical2020.htm","parsed from Fed pages (curl, Sep 25 2026); statement day = last meeting day; scheduled meetings only (2020-03-03 and 2020-03-15 unscheduled, 2020-03-17/18 cancelled, 2025-08-22 notation vote excluded); 14:00 ET is standing Fed practice, not verified per meeting"
2024-08-02T12:30:00Z,NFP,2024-08-02,08:30 ET,"https://www.bls.gov/bls/news-release/empsit.htm","WebFetch of the BLS release archive, extracted twice with different prompts; the two extractions agree on every overlapping date"
2024-08-13T12:30:00Z,PPI,2024-08-13,08:30 ET,"https://www.bls.gov/bls/news-release/ppi.htm","WebFetch of the BLS release archive, extracted twice with different prompts; the two extractions agree on every overlapping date"
2024-08-14T12:30:00Z,CPI,2024-08-14,08:30 ET,"https://www.bls.gov/bls/news-release/cpi.htm","WebFetch of the BLS release archive, extracted twice with different prompts; the two extractions agree on every overlapping date"
2024-09-06T12:30:00Z,NFP,2024-09-06,08:30 ET,"https://www.bls.gov/bls/news-release/empsit.htm","WebFetch of the BLS release archive, extracted twice with different prompts; the two extractions agree on every overlapping date"
2024-09-11T12:30:00Z,CPI,2024-09-11,08:30 ET,"https://www.bls.gov/bls/news-release/cpi.htm","WebFetch of the BLS release archive, extracted twice with different prompts; the two extractions agree on every overlapping date"
2024-09-12T12:30:00Z,PPI,2024-09-12,08:30 ET,"https://www.bls.gov/bls/news-release/ppi.htm","WebFetch of the BLS release archive, extracted twice with different prompts; the two extractions agree on every overlapping date"
2024-09-18T18:00:00Z,FOMC,2024-09-18,14:00 ET,"https://www.federalreserve.gov/monetarypolicy/fomccalendars.htm; fomchistorical2020.htm","parsed from Fed pages (curl, Sep 25 2026); statement day = last meeting day; scheduled meetings only (2020-03-03 and 2020-03-15 unscheduled, 2020-03-17/18 cancelled, 2025-08-22 notation vote excluded); 14:00 ET is standing Fed practice, not verified per meeting"
2024-10-04T12:30:00Z,NFP,2024-10-04,08:30 ET,"https://www.bls.gov/bls/news-release/empsit.htm","WebFetch of the BLS release archive, extracted twice with different prompts; the two extractions agree on every overlapping date"
2024-10-10T12:30:00Z,CPI,2024-10-10,08:30 ET,"https://www.bls.gov/bls/news-release/cpi.htm","WebFetch of the BLS release archive, extracted twice with different prompts; the two extractions agree on every overlapping date"
2024-10-11T12:30:00Z,PPI,2024-10-11,08:30 ET,"https://www.bls.gov/bls/news-release/ppi.htm","WebFetch of the BLS release archive, extracted twice with different prompts; the two extractions agree on every overlapping date"
2024-11-01T12:30:00Z,NFP,2024-11-01,08:30 ET,"https://www.bls.gov/bls/news-release/empsit.htm","WebFetch of the BLS release archive, extracted twice with different prompts; the two extractions agree on every overlapping date"
2024-11-07T19:00:00Z,FOMC,2024-11-07,14:00 ET,"https://www.federalreserve.gov/monetarypolicy/fomccalendars.htm; fomchistorical2020.htm","parsed from Fed pages (curl, Sep 25 2026); statement day = last meeting day; scheduled meetings only (2020-03-03 and 2020-03-15 unscheduled, 2020-03-17/18 cancelled, 2025-08-22 notation vote excluded); 14:00 ET is standing Fed practice, not verified per meeting"
2024-11-13T13:30:00Z,CPI,2024-11-13,08:30 ET,"https://www.bls.gov/bls/news-release/cpi.htm","WebFetch of the BLS release archive, extracted twice with different prompts; the two extractions agree on every overlapping date"
2024-11-14T13:30:00Z,PPI,2024-11-14,08:30 ET,"https://www.bls.gov/bls/news-release/ppi.htm","WebFetch of the BLS release archive, extracted twice with different prompts; the two extractions agree on every overlapping date"
2024-12-06T13:30:00Z,NFP,2024-12-06,08:30 ET,"https://www.bls.gov/bls/news-release/empsit.htm","WebFetch of the BLS release archive, extracted twice with different prompts; the two extractions agree on every overlapping date"
2024-12-11T13:30:00Z,CPI,2024-12-11,08:30 ET,"https://www.bls.gov/bls/news-release/cpi.htm","WebFetch of the BLS release archive, extracted twice with different prompts; the two extractions agree on every overlapping date"
2024-12-12T13:30:00Z,PPI,2024-12-12,08:30 ET,"https://www.bls.gov/bls/news-release/ppi.htm","WebFetch of the BLS release archive, extracted twice with different prompts; the two extractions agree on every overlapping date"
2024-12-18T19:00:00Z,FOMC,2024-12-18,14:00 ET,"https://www.federalreserve.gov/monetarypolicy/fomccalendars.htm; fomchistorical2020.htm","parsed from Fed pages (curl, Sep 25 2026); statement day = last meeting day; scheduled meetings only (2020-03-03 and 2020-03-15 unscheduled, 2020-03-17/18 cancelled, 2025-08-22 notation vote excluded); 14:00 ET is standing Fed practice, not verified per meeting"
2025-01-10T13:30:00Z,NFP,2025-01-10,08:30 ET,"https://www.bls.gov/bls/news-release/empsit.htm","WebFetch of the BLS release archive, extracted twice with different prompts; the two extractions agree on every overlapping date"
2025-01-14T13:30:00Z,PPI,2025-01-14,08:30 ET,"https://www.bls.gov/bls/news-release/ppi.htm","WebFetch of the BLS release archive, extracted twice with different prompts; the two extractions agree on every overlapping date"
2025-01-15T13:30:00Z,CPI,2025-01-15,08:30 ET,"https://www.bls.gov/bls/news-release/cpi.htm","WebFetch of the BLS release archive, extracted twice with different prompts; the two extractions agree on every overlapping date"
2025-01-29T19:00:00Z,FOMC,2025-01-29,14:00 ET,"https://www.federalreserve.gov/monetarypolicy/fomccalendars.htm; fomchistorical2020.htm","parsed from Fed pages (curl, Sep 25 2026); statement day = last meeting day; scheduled meetings only (2020-03-03 and 2020-03-15 unscheduled, 2020-03-17/18 cancelled, 2025-08-22 notation vote excluded); 14:00 ET is standing Fed practice, not verified per meeting"
2025-02-07T13:30:00Z,NFP,2025-02-07,08:30 ET,"https://www.bls.gov/bls/news-release/empsit.htm","WebFetch of the BLS release archive, extracted twice with different prompts; the two extractions agree on every overlapping date"
2025-02-12T13:30:00Z,CPI,2025-02-12,08:30 ET,"https://www.bls.gov/bls/news-release/cpi.htm","WebFetch of the BLS release archive, extracted twice with different prompts; the two extractions agree on every overlapping date"
2025-02-13T13:30:00Z,PPI,2025-02-13,08:30 ET,"https://www.bls.gov/bls/news-release/ppi.htm","WebFetch of the BLS release archive, extracted twice with different prompts; the two extractions agree on every overlapping date"
2025-03-07T13:30:00Z,NFP,2025-03-07,08:30 ET,"https://www.bls.gov/bls/news-release/empsit.htm","WebFetch of the BLS release archive, extracted twice with different prompts; the two extractions agree on every overlapping date"
2025-03-12T12:30:00Z,CPI,2025-03-12,08:30 ET,"https://www.bls.gov/bls/news-release/cpi.htm","WebFetch of the BLS release archive, extracted twice with different prompts; the two extractions agree on every overlapping date"
2025-03-13T12:30:00Z,PPI,2025-03-13,08:30 ET,"https://www.bls.gov/bls/news-release/ppi.htm","WebFetch of the BLS release archive, extracted twice with different prompts; the two extractions agree on every overlapping date"
2025-03-19T18:00:00Z,FOMC,2025-03-19,14:00 ET,"https://www.federalreserve.gov/monetarypolicy/fomccalendars.htm; fomchistorical2020.htm","parsed from Fed pages (curl, Sep 25 2026); statement day = last meeting day; scheduled meetings only (2020-03-03 and 2020-03-15 unscheduled, 2020-03-17/18 cancelled, 2025-08-22 notation vote excluded); 14:00 ET is standing Fed practice, not verified per meeting"
2025-04-04T12:30:00Z,NFP,2025-04-04,08:30 ET,"https://www.bls.gov/bls/news-release/empsit.htm","WebFetch of the BLS release archive, extracted twice with different prompts; the two extractions agree on every overlapping date"
2025-04-10T12:30:00Z,CPI,2025-04-10,08:30 ET,"https://www.bls.gov/bls/news-release/cpi.htm","WebFetch of the BLS release archive, extracted twice with different prompts; the two extractions agree on every overlapping date"
2025-04-11T12:30:00Z,PPI,2025-04-11,08:30 ET,"https://www.bls.gov/bls/news-release/ppi.htm","WebFetch of the BLS release archive, extracted twice with different prompts; the two extractions agree on every overlapping date"
2025-05-02T12:30:00Z,NFP,2025-05-02,08:30 ET,"https://www.bls.gov/bls/news-release/empsit.htm","WebFetch of the BLS release archive, extracted twice with different prompts; the two extractions agree on every overlapping date"
2025-05-07T18:00:00Z,FOMC,2025-05-07,14:00 ET,"https://www.federalreserve.gov/monetarypolicy/fomccalendars.htm; fomchistorical2020.htm","parsed from Fed pages (curl, Sep 25 2026); statement day = last meeting day; scheduled meetings only (2020-03-03 and 2020-03-15 unscheduled, 2020-03-17/18 cancelled, 2025-08-22 notation vote excluded); 14:00 ET is standing Fed practice, not verified per meeting"
2025-05-13T12:30:00Z,CPI,2025-05-13,08:30 ET,"https://www.bls.gov/bls/news-release/cpi.htm","WebFetch of the BLS release archive, extracted twice with different prompts; the two extractions agree on every overlapping date"
2025-05-15T12:30:00Z,PPI,2025-05-15,08:30 ET,"https://www.bls.gov/bls/news-release/ppi.htm","WebFetch of the BLS release archive, extracted twice with different prompts; the two extractions agree on every overlapping date"
2025-06-06T12:30:00Z,NFP,2025-06-06,08:30 ET,"https://www.bls.gov/bls/news-release/empsit.htm","WebFetch of the BLS release archive, extracted twice with different prompts; the two extractions agree on every overlapping date"
2025-06-11T12:30:00Z,CPI,2025-06-11,08:30 ET,"https://www.bls.gov/bls/news-release/cpi.htm","WebFetch of the BLS release archive, extracted twice with different prompts; the two extractions agree on every overlapping date"
2025-06-12T12:30:00Z,PPI,2025-06-12,08:30 ET,"https://www.bls.gov/bls/news-release/ppi.htm","WebFetch of the BLS release archive, extracted twice with different prompts; the two extractions agree on every overlapping date"
2025-06-18T18:00:00Z,FOMC,2025-06-18,14:00 ET,"https://www.federalreserve.gov/monetarypolicy/fomccalendars.htm; fomchistorical2020.htm","parsed from Fed pages (curl, Sep 25 2026); statement day = last meeting day; scheduled meetings only (2020-03-03 and 2020-03-15 unscheduled, 2020-03-17/18 cancelled, 2025-08-22 notation vote excluded); 14:00 ET is standing Fed practice, not verified per meeting"
2025-07-03T12:30:00Z,NFP,2025-07-03,08:30 ET,"https://www.bls.gov/bls/news-release/empsit.htm","WebFetch of the BLS release archive, extracted twice with different prompts; the two extractions agree on every overlapping date"
2025-07-15T12:30:00Z,CPI,2025-07-15,08:30 ET,"https://www.bls.gov/bls/news-release/cpi.htm","WebFetch of the BLS release archive, extracted twice with different prompts; the two extractions agree on every overlapping date"
2025-07-16T12:30:00Z,PPI,2025-07-16,08:30 ET,"https://www.bls.gov/bls/news-release/ppi.htm","WebFetch of the BLS release archive, extracted twice with different prompts; the two extractions agree on every overlapping date"
2025-07-30T18:00:00Z,FOMC,2025-07-30,14:00 ET,"https://www.federalreserve.gov/monetarypolicy/fomccalendars.htm; fomchistorical2020.htm","parsed from Fed pages (curl, Sep 25 2026); statement day = last meeting day; scheduled meetings only (2020-03-03 and 2020-03-15 unscheduled, 2020-03-17/18 cancelled, 2025-08-22 notation vote excluded); 14:00 ET is standing Fed practice, not verified per meeting"
2025-08-01T12:30:00Z,NFP,2025-08-01,08:30 ET,"https://www.bls.gov/bls/news-release/empsit.htm","WebFetch of the BLS release archive, extracted twice with different prompts; the two extractions agree on every overlapping date"
2025-08-12T12:30:00Z,CPI,2025-08-12,08:30 ET,"https://www.bls.gov/bls/news-release/cpi.htm","WebFetch of the BLS release archive, extracted twice with different prompts; the two extractions agree on every overlapping date"
2025-08-14T12:30:00Z,PPI,2025-08-14,08:30 ET,"https://www.bls.gov/bls/news-release/ppi.htm","WebFetch of the BLS release archive, extracted twice with different prompts; the two extractions agree on every overlapping date"
2025-09-05T12:30:00Z,NFP,2025-09-05,08:30 ET,"https://www.bls.gov/bls/news-release/empsit.htm","WebFetch of the BLS release archive, extracted twice with different prompts; the two extractions agree on every overlapping date"
2025-09-10T12:30:00Z,PPI,2025-09-10,08:30 ET,"https://www.bls.gov/bls/news-release/ppi.htm","WebFetch of the BLS release archive, extracted twice with different prompts; the two extractions agree on every overlapping date"
2025-09-11T12:30:00Z,CPI,2025-09-11,08:30 ET,"https://www.bls.gov/bls/news-release/cpi.htm","WebFetch of the BLS release archive, extracted twice with different prompts; the two extractions agree on every overlapping date"
2025-09-17T18:00:00Z,FOMC,2025-09-17,14:00 ET,"https://www.federalreserve.gov/monetarypolicy/fomccalendars.htm; fomchistorical2020.htm","parsed from Fed pages (curl, Sep 25 2026); statement day = last meeting day; scheduled meetings only (2020-03-03 and 2020-03-15 unscheduled, 2020-03-17/18 cancelled, 2025-08-22 notation vote excluded); 14:00 ET is standing Fed practice, not verified per meeting"
2025-10-24T12:30:00Z,CPI,2025-10-24,08:30 ET,"https://www.bls.gov/bls/news-release/cpi.htm","WebFetch of the BLS release archive, extracted twice with different prompts; the two extractions agree on every overlapping date"
2025-10-29T18:00:00Z,FOMC,2025-10-29,14:00 ET,"https://www.federalreserve.gov/monetarypolicy/fomccalendars.htm; fomchistorical2020.htm","parsed from Fed pages (curl, Sep 25 2026); statement day = last meeting day; scheduled meetings only (2020-03-03 and 2020-03-15 unscheduled, 2020-03-17/18 cancelled, 2025-08-22 notation vote excluded); 14:00 ET is standing Fed practice, not verified per meeting"
2025-11-20T13:30:00Z,NFP,2025-11-20,08:30 ET,"https://www.bls.gov/bls/news-release/empsit.htm","WebFetch of the BLS release archive, extracted twice with different prompts; the two extractions agree on every overlapping date"
2025-11-25T13:30:00Z,PPI,2025-11-25,08:30 ET,"https://www.bls.gov/bls/news-release/ppi.htm","WebFetch of the BLS release archive, extracted twice with different prompts; the two extractions agree on every overlapping date"
2025-12-10T19:00:00Z,FOMC,2025-12-10,14:00 ET,"https://www.federalreserve.gov/monetarypolicy/fomccalendars.htm; fomchistorical2020.htm","parsed from Fed pages (curl, Sep 25 2026); statement day = last meeting day; scheduled meetings only (2020-03-03 and 2020-03-15 unscheduled, 2020-03-17/18 cancelled, 2025-08-22 notation vote excluded); 14:00 ET is standing Fed practice, not verified per meeting"
2025-12-16T13:30:00Z,NFP,2025-12-16,08:30 ET,"https://www.bls.gov/bls/news-release/empsit.htm","WebFetch of the BLS release archive, extracted twice with different prompts; the two extractions agree on every overlapping date"
2025-12-18T13:30:00Z,CPI,2025-12-18,08:30 ET,"https://www.bls.gov/bls/news-release/cpi.htm","WebFetch of the BLS release archive, extracted twice with different prompts; the two extractions agree on every overlapping date"
2026-01-09T13:30:00Z,NFP,2026-01-09,08:30 ET,"https://www.bls.gov/bls/news-release/empsit.htm","WebFetch of the BLS release archive, extracted twice with different prompts; the two extractions agree on every overlapping date"
2026-01-13T13:30:00Z,CPI,2026-01-13,08:30 ET,"https://www.bls.gov/bls/news-release/cpi.htm","WebFetch of the BLS release archive, extracted twice with different prompts; the two extractions agree on every overlapping date"
2026-01-14T13:30:00Z,PPI,2026-01-14,08:30 ET,"https://www.bls.gov/bls/news-release/ppi.htm","WebFetch of the BLS release archive, extracted twice with different prompts; the two extractions agree on every overlapping date"
2026-01-28T19:00:00Z,FOMC,2026-01-28,14:00 ET,"https://www.federalreserve.gov/monetarypolicy/fomccalendars.htm; fomchistorical2020.htm","parsed from Fed pages (curl, Sep 25 2026); statement day = last meeting day; scheduled meetings only (2020-03-03 and 2020-03-15 unscheduled, 2020-03-17/18 cancelled, 2025-08-22 notation vote excluded); 14:00 ET is standing Fed practice, not verified per meeting"
2026-01-30T13:30:00Z,PPI,2026-01-30,08:30 ET,"https://www.bls.gov/bls/news-release/ppi.htm","WebFetch of the BLS release archive, extracted twice with different prompts; the two extractions agree on every overlapping date"
2026-02-11T13:30:00Z,NFP,2026-02-11,08:30 ET,"https://www.bls.gov/bls/news-release/empsit.htm","WebFetch of the BLS release archive, extracted twice with different prompts; the two extractions agree on every overlapping date"
2026-02-13T13:30:00Z,CPI,2026-02-13,08:30 ET,"https://www.bls.gov/bls/news-release/cpi.htm","WebFetch of the BLS release archive, extracted twice with different prompts; the two extractions agree on every overlapping date"
2026-02-27T13:30:00Z,PPI,2026-02-27,08:30 ET,"https://www.bls.gov/bls/news-release/ppi.htm","WebFetch of the BLS release archive, extracted twice with different prompts; the two extractions agree on every overlapping date"
2026-03-06T13:30:00Z,NFP,2026-03-06,08:30 ET,"https://www.bls.gov/bls/news-release/empsit.htm","WebFetch of the BLS release archive, extracted twice with different prompts; the two extractions agree on every overlapping date"
2026-03-11T12:30:00Z,CPI,2026-03-11,08:30 ET,"https://www.bls.gov/bls/news-release/cpi.htm","WebFetch of the BLS release archive, extracted twice with different prompts; the two extractions agree on every overlapping date"
2026-03-18T12:30:00Z,PPI,2026-03-18,08:30 ET,"https://www.bls.gov/bls/news-release/ppi.htm","WebFetch of the BLS release archive, extracted twice with different prompts; the two extractions agree on every overlapping date"
2026-03-18T18:00:00Z,FOMC,2026-03-18,14:00 ET,"https://www.federalreserve.gov/monetarypolicy/fomccalendars.htm; fomchistorical2020.htm","parsed from Fed pages (curl, Sep 25 2026); statement day = last meeting day; scheduled meetings only (2020-03-03 and 2020-03-15 unscheduled, 2020-03-17/18 cancelled, 2025-08-22 notation vote excluded); 14:00 ET is standing Fed practice, not verified per meeting"
2026-04-03T12:30:00Z,NFP,2026-04-03,08:30 ET,"https://www.bls.gov/bls/news-release/empsit.htm","WebFetch of the BLS release archive, extracted twice with different prompts; the two extractions agree on every overlapping date"
2026-04-10T12:30:00Z,CPI,2026-04-10,08:30 ET,"https://www.bls.gov/bls/news-release/cpi.htm","WebFetch of the BLS release archive, extracted twice with different prompts; the two extractions agree on every overlapping date"
2026-04-14T12:30:00Z,PPI,2026-04-14,08:30 ET,"https://www.bls.gov/bls/news-release/ppi.htm","WebFetch of the BLS release archive, extracted twice with different prompts; the two extractions agree on every overlapping date"
2026-04-29T18:00:00Z,FOMC,2026-04-29,14:00 ET,"https://www.federalreserve.gov/monetarypolicy/fomccalendars.htm; fomchistorical2020.htm","parsed from Fed pages (curl, Sep 25 2026); statement day = last meeting day; scheduled meetings only (2020-03-03 and 2020-03-15 unscheduled, 2020-03-17/18 cancelled, 2025-08-22 notation vote excluded); 14:00 ET is standing Fed practice, not verified per meeting"
2026-05-08T12:30:00Z,NFP,2026-05-08,08:30 ET,"https://www.bls.gov/bls/news-release/empsit.htm","WebFetch of the BLS release archive, extracted twice with different prompts; the two extractions agree on every overlapping date"
2026-05-12T12:30:00Z,CPI,2026-05-12,08:30 ET,"https://www.bls.gov/bls/news-release/cpi.htm","WebFetch of the BLS release archive, extracted twice with different prompts; the two extractions agree on every overlapping date"
2026-05-13T12:30:00Z,PPI,2026-05-13,08:30 ET,"https://www.bls.gov/bls/news-release/ppi.htm","WebFetch of the BLS release archive, extracted twice with different prompts; the two extractions agree on every overlapping date"
2026-06-05T12:30:00Z,NFP,2026-06-05,08:30 ET,"https://www.bls.gov/bls/news-release/empsit.htm","WebFetch of the BLS release archive, extracted twice with different prompts; the two extractions agree on every overlapping date"
2026-06-10T12:30:00Z,CPI,2026-06-10,08:30 ET,"https://www.bls.gov/bls/news-release/cpi.htm","WebFetch of the BLS release archive, extracted twice with different prompts; the two extractions agree on every overlapping date"
2026-06-11T12:30:00Z,PPI,2026-06-11,08:30 ET,"https://www.bls.gov/bls/news-release/ppi.htm","WebFetch of the BLS release archive, extracted twice with different prompts; the two extractions agree on every overlapping date"
2026-06-17T18:00:00Z,FOMC,2026-06-17,14:00 ET,"https://www.federalreserve.gov/monetarypolicy/fomccalendars.htm; fomchistorical2020.htm","parsed from Fed pages (curl, Sep 25 2026); statement day = last meeting day; scheduled meetings only (2020-03-03 and 2020-03-15 unscheduled, 2020-03-17/18 cancelled, 2025-08-22 notation vote excluded); 14:00 ET is standing Fed practice, not verified per meeting"
2026-07-02T12:30:00Z,NFP,2026-07-02,08:30 ET,"https://www.bls.gov/bls/news-release/empsit.htm","WebFetch of the BLS release archive, extracted twice with different prompts; the two extractions agree on every overlapping date"
2026-07-14T12:30:00Z,CPI,2026-07-14,08:30 ET,"https://www.bls.gov/bls/news-release/cpi.htm","WebFetch of the BLS release archive, extracted twice with different prompts; the two extractions agree on every overlapping date"
2026-07-15T12:30:00Z,PPI,2026-07-15,08:30 ET,"https://www.bls.gov/bls/news-release/ppi.htm","WebFetch of the BLS release archive, extracted twice with different prompts; the two extractions agree on every overlapping date"
2026-07-29T18:00:00Z,FOMC,2026-07-29,14:00 ET,"https://www.federalreserve.gov/monetarypolicy/fomccalendars.htm; fomchistorical2020.htm","parsed from Fed pages (curl, Sep 25 2026); statement day = last meeting day; scheduled meetings only (2020-03-03 and 2020-03-15 unscheduled, 2020-03-17/18 cancelled, 2025-08-22 notation vote excluded); 14:00 ET is standing Fed practice, not verified per meeting"
2026-08-07T12:30:00Z,NFP,2026-08-07,08:30 ET,"https://www.bls.gov/bls/news-release/empsit.htm","WebFetch of the BLS release archive, extracted twice with different prompts; the two extractions agree on every overlapping date"
2026-08-12T12:30:00Z,CPI,2026-08-12,08:30 ET,"https://www.bls.gov/bls/news-release/cpi.htm","WebFetch of the BLS release archive, extracted twice with different prompts; the two extractions agree on every overlapping date"
2026-08-13T12:30:00Z,PPI,2026-08-13,08:30 ET,"https://www.bls.gov/bls/news-release/ppi.htm","WebFetch of the BLS release archive, extracted twice with different prompts; the two extractions agree on every overlapping date"
2026-09-04T12:30:00Z,NFP,2026-09-04,08:30 ET,"https://www.bls.gov/bls/news-release/empsit.htm","WebFetch of the BLS release archive, extracted twice with different prompts; the two extractions agree on every overlapping date"
2026-09-10T12:30:00Z,PPI,2026-09-10,08:30 ET,"https://www.bls.gov/bls/news-release/ppi.htm","WebFetch of the BLS release archive, extracted twice with different prompts; the two extractions agree on every overlapping date"
2026-09-11T12:30:00Z,CPI,2026-09-11,08:30 ET,"https://www.bls.gov/bls/news-release/cpi.htm","WebFetch of the BLS release archive, extracted twice with different prompts; the two extractions agree on every overlapping date"
2026-09-16T18:00:00Z,FOMC,2026-09-16,14:00 ET,"https://www.federalreserve.gov/monetarypolicy/fomccalendars.htm; fomchistorical2020.htm","parsed from Fed pages (curl, Sep 25 2026); statement day = last meeting day; scheduled meetings only (2020-03-03 and 2020-03-15 unscheduled, 2020-03-17/18 cancelled, 2025-08-22 notation vote excluded); 14:00 ET is standing Fed practice, not verified per meeting"
2026-10-02T12:30:00Z,NFP,2026-10-02,08:30 ET,"https://www.bls.gov/schedule/news_release/empsit.htm","BLS published schedule fetched Sep 26 2026 (future; subject to change); its past dates match the archive"
2026-10-14T12:30:00Z,CPI,2026-10-14,08:30 ET,"https://www.bls.gov/schedule/news_release/cpi.htm","BLS published schedule fetched Sep 26 2026 (future; subject to change); its past dates match the archive"
2026-10-15T12:30:00Z,PPI,2026-10-15,08:30 ET,"https://www.bls.gov/schedule/news_release/ppi.htm","BLS published schedule fetched Sep 26 2026 (future; subject to change); its past dates match the archive"
2026-10-28T18:00:00Z,FOMC,2026-10-28,14:00 ET,"https://www.federalreserve.gov/monetarypolicy/fomccalendars.htm; fomchistorical2020.htm","parsed from Fed pages (curl, Sep 25 2026); statement day = last meeting day; scheduled meetings only (2020-03-03 and 2020-03-15 unscheduled, 2020-03-17/18 cancelled, 2025-08-22 notation vote excluded); 14:00 ET is standing Fed practice, not verified per meeting"
2026-11-06T13:30:00Z,NFP,2026-11-06,08:30 ET,"https://www.bls.gov/schedule/news_release/empsit.htm","BLS published schedule fetched Sep 26 2026 (future; subject to change); its past dates match the archive"
2026-11-10T13:30:00Z,CPI,2026-11-10,08:30 ET,"https://www.bls.gov/schedule/news_release/cpi.htm","BLS published schedule fetched Sep 26 2026 (future; subject to change); its past dates match the archive"
2026-11-13T13:30:00Z,PPI,2026-11-13,08:30 ET,"https://www.bls.gov/schedule/news_release/ppi.htm","BLS published schedule fetched Sep 26 2026 (future; subject to change); its past dates match the archive"
2026-12-04T13:30:00Z,NFP,2026-12-04,08:30 ET,"https://www.bls.gov/schedule/news_release/empsit.htm","BLS published schedule fetched Sep 26 2026 (future; subject to change); its past dates match the archive"
2026-12-09T19:00:00Z,FOMC,2026-12-09,14:00 ET,"https://www.federalreserve.gov/monetarypolicy/fomccalendars.htm; fomchistorical2020.htm","parsed from Fed pages (curl, Sep 25 2026); statement day = last meeting day; scheduled meetings only (2020-03-03 and 2020-03-15 unscheduled, 2020-03-17/18 cancelled, 2025-08-22 notation vote excluded); 14:00 ET is standing Fed practice, not verified per meeting"
2026-12-10T13:30:00Z,CPI,2026-12-10,08:30 ET,"https://www.bls.gov/schedule/news_release/cpi.htm","BLS published schedule fetched Sep 26 2026 (future; subject to change); its past dates match the archive"
2026-12-15T13:30:00Z,PPI,2026-12-15,08:30 ET,"https://www.bls.gov/schedule/news_release/ppi.htm","BLS published schedule fetched Sep 26 2026 (future; subject to change); its past dates match the archive"
